{
  "pis": [
    0.0,
    0.075,
    0.15,
    0.225,
    0.3
  ],
  "n_seeds": 4,
  "results_mean": {
    "0.9": [
      0.440025,
      0.293695,
      0.22235000000000002,
      0.17905,
      0.15415500000000001
    ],
    "0.7": [
      0.30008,
      0.20116,
      0.13948499999999997,
      0.10666499999999998,
      0.08738
    ],
    "0.5": [
      0.11126500000000002,
      0.083015,
      0.06739999999999999,
      0.052055,
      0.04312
    ]
  },
  "results_se": {
    "0.9": [
      0.014325963318395042,
      0.02019065357205322,
      0.012057745781585114,
      0.01009198526884908,
      0.008093212691302915
    ],
    "0.7": [
      0.011454475108009069,
      0.011867161974681786,
      0.010057320302479498,
      0.007513926514590535,
      0.004751105134597633
    ],
    "0.5": [
      0.011983873539052392,
      0.008827254669488133,
      0.006385828059069549,
      0.0022011568927876677,
      0.00165897558752382
    ]
  }
}