{
  "combos": [
    [
      0.5,
      0.35,
      1.0
    ],
    [
      0.4,
      0.35,
      1.0
    ],
    [
      0.6,
      0.35,
      1.0
    ],
    [
      0.5,
      0.25,
      1.0
    ],
    [
      0.5,
      0.45,
      1.0
    ],
    [
      0.5,
      0.35,
      1.3
    ]
  ],
  "pi_stars": [
    0.30000000000000004,
    0.1250000000000001,
    0.41666666666666663,
    0.5,
    0.09999999999999998,
    0.46153846153846156
  ],
  "results": {
    "none": [
      0.18756666666666663,
      0.16485555555555556,
      0.34604444444444443,
      0.28972222222222227,
      0.2028333333333333,
      0.3884
    ],
    "bridge_seeding": [
      0.3393888888888889,
      0.34522222222222226,
      0.44353333333333333,
      0.39314444444444435,
      0.3698333333333333,
      0.4892444444444444
    ],
    "cost_reduction": [
      0.29184444444444446,
      0.2641222222222222,
      0.44374444444444444,
      0.36446666666666666,
      0.3218555555555556,
      0.4804333333333333
    ],
    "channel_hardening": [
      0.2059222222222222,
      0.17556666666666665,
      0.31807777777777774,
      0.3254888888888889,
      0.22156666666666666,
      0.39596666666666663
    ]
  }
}